census,obsvar,count,n_sp,n_records
3,0.221105528,832,22,40
4,0.303919598,929,26,52
5,0.496859296,996,36,75
6,0.48241206,984,33,80
7,0.627512563,859,48,115
8,0.702889447,740,48,135
9,0.872763819,228,48,208
10,1.121582915,878,45,219
11,1.174271357,342,47,292
12,2.144497487,570,57,607
13,1.856884422,734,46,436
14,1.38281407,966,51,258
15,1.457261307,827,55,301
16,1.023517588,904,54,192
17,0.960778894,837,53,181
18,1.14321608,703,50,230
19,0.959572864,597,49,197
20,0.630251256,98,60,146
21,0.31798995,1,35,88
22,0.510050251,913,46,90
23,0.343492462,276,34,73
24,0.203417085,25,25,48
25,0.255050251,120,31,57
26,0.24620603,543,20,49
27,0.341080402,767,24,65
28,0.385025126,796,26,74
29,0.352864322,826,24,66
30,0.324396985,459,24,67
31,0.490427136,903,26,91
32,0.470753769,818,20,92
33,0.480301508,51,22,122
34,0.610150754,199,26,146
35,0.55718593,365,27,132
36,0.635150754,638,28,139
37,0.574648241,517,24,127
38,0.68138191,996,35,109
39,0.624095477,869,28,119
40,0.346130653,866,14,68
41,0.390929648,933,21,71
42,0.356884422,236,22,86
43,0.353668342,847,14,82
44,0.36620603,976,14,75
45,0.290829146,697,14,65
46,0.391959799,970,17,80
47,0.358567839,923,15,77
48,0.300879397,742,15,65
49,0.276155779,920,14,53
50,0.191733668,762,12,37
51,0.234145729,940,16,41
52,0.194874372,606,21,38
53,0.201005025,522,18,40
54,0.218592965,70,21,50
55,0.181683417,384,21,37
56,0.235552764,707,19,45
57,0.361809045,191,30,80
58,0.248341709,774,23,46
59,0.275150754,372,23,57
60,0.225502513,511,22,45
61,0.698592965,843,35,186
63,1.124020101,856,49,292
64,1.014045226,199,45,279
65,0.963592965,32,42,293
66,0.718366834,100,34,197
67,0.881909548,111,48,250
68,1.113542714,764,37,291
69,0.980879397,873,45,269
70,0.968743719,774,33,238
71,0.970452261,911,35,224
72,0.731432161,113,40,183
73,1.034145729,375,40,329
74,1.028115578,855,47,209
75,0.645628141,249,35,148
76,0.449221106,627,30,89
77,0.48241206,442,29,100
78,0.366231156,797,29,68
79,0.411030151,757,24,79
80,0.272964824,537,19,56
81,0.288944724,57,23,70
82,0.459271357,884,28,89
83,0.359698492,82,15,122
84,0.42120603,290,25,106
85,0.429648241,93,23,190
86,0.500276382,192,18,167
87,0.561909548,354,24,194
88,0.56120603,35,25,208
89,0.518994975,2,17,188
90,0.626909548,25,26,193
91,0.624221106,884,19,134
92,0.585326633,411,26,148
93,0.679170854,942,24,137
94,0.628919598,979,25,113
95,0.629120603,558,33,131
96,0.413040201,716,20,81
97,0.350728643,609,16,71
98,0.357386935,589,17,76
99,0.387713568,369,16,87
100,0.386306533,745,13,85
101,0.403919598,862,17,82
102,0.372261307,935,15,72
103,0.386331658,980,21,68
104,0.24281407,914,12,44
105,0.271130653,954,18,47
106,0.184824121,461,16,38
107,0.25839196,913,16,46
108,0.188542714,700,16,36
109,0.235552764,750,18,45
110,0.230929648,472,25,47
111,0.538467337,993,33,87
112,0.508316583,962,34,87
113,0.399899497,681,30,78
114,0.568819095,338,41,131
115,1.298894472,994,41,252
116,0.618869347,958,34,113
117,1.094849246,282,53,255
118,1.695979899,523,54,410
119,1.44218593,820,51,399
120,1.877788945,912,64,392
121,0.778266332,668,35,165
122,0.827236181,611,42,174
123,0.640703518,169,41,150
124,0.25718593,122,22,58
125,0.502914573,86,29,128
126,0.289422111,432,28,59
127,0.241180905,328,17,51
128,0.289045226,223,22,64
129,0.308643216,913,23,54
130,0.260075377,976,19,43
131,0.277286432,422,25,58
132,0.310929648,937,18,55
133,0.277286432,394,22,58
134,0.188542714,720,18,36
135,0.266306533,844,21,49
136,0.174773869,204,19,38
137,0.237085427,909,20,42
138,0.151859296,72,12,34
139,0.233567839,472,22,48
140,0.427738693,940,27,76
141,0.272462312,28,18,66
142,0.434070352,878,18,82
143,0.688417085,664,26,151
144,0.56178392,750,19,121
145,0.499271357,391,21,123
146,0.56861809,950,21,113
147,0.542713568,986,18,100
148,0.383015075,966,18,66
149,0.256256281,741,18,49
150,0.254246231,989,15,41
151,0.280778894,655,18,55
152,0.239974874,939,12,43
153,0.222713568,664,11,44
154,0.203994975,545,13,41
155,0.155150754,76,15,35
156,0.119974874,282,8,25
157,0.161909548,273,14,34
158,0.237085427,892,21,42
159,0.195376884,982,15,32
160,0.383693467,744,35,73
161,0.248341709,198,21,54
162,0.413040201,638,33,81
163,0.502286432,712,36,97
164,0.373643216,610,30,73
165,0.778291457,980,43,132
166,0.711532663,745,40,141
167,1.012964824,990,49,178
168,0.932160804,944,37,190
169,1.032663317,982,42,250
170,0.905301508,867,42,213
171,1.427914573,665,49,413
172,1.67839196,872,41,440
173,0.983693467,118,42,293
174,0.979271357,866,35,205
175,0.502512563,587,43,100
176,0.467437186,870,35,86
177,0.462085427,232,39,103
178,0.400778894,131,37,93
179,0.285829146,54,26,68
180,0.369346734,745,37,70
181,0.222713568,564,25,44
182,0.164723618,27,26,38
183,0.192060302,881,22,34
184,0.183894472,90,24,41
185,0.293442211,384,30,61
186,0.277361809,47,17,69
187,0.499271357,664,18,123
188,0.530150754,509,25,130
189,0.758567839,867,30,203
190,0.924221106,997,30,196
191,0.664095477,887,31,237
192,0.635075377,207,30,218
193,0.707914573,915,34,245
194,0.934572864,941,35,198
195,0.952261307,933,25,190
196,0.965226131,994,33,172
197,0.557160804,649,24,115
198,0.718567839,712,32,151
199,0.781809045,999,34,122
200,0.579296482,997,23,88
201,0.451633166,489,24,95
202,0.60298995,990,29,101
203,0.484321608,986,25,82
204,0.415979899,999,21,62
205,0.268844221,797,19,50
206,0.271130653,932,21,47
207,0.285326633,266,19,62
208,0.336457286,993,23,53
209,0.397889447,998,28,58
210,0.409648241,993,31,64
211,0.462311558,954,33,80
212,0.389547739,987,26,64
213,0.557160804,609,34,115
214,0.462085427,169,42,103
215,0.850150754,898,47,158
216,0.646331658,947,28,126
217,0.669321608,447,40,181
218,1.123592965,250,39,309
219,0.910527638,10,46,269
220,1.312964824,20,53,412
221,1.268743719,80,54,348
222,1.767613065,597,47,443
223,2.112537688,996,50,411
224,1.313542714,259,59,311
225,1.210452261,411,57,268
226,0.783693467,714,52,153
227,0.541105528,583,41,108
228,1.197085427,957,48,234
229,0.741306533,394,52,164
230,0.378668342,498,40,77
231,0.508944724,265,38,112
232,0.369748744,367,30,78
233,0.355376884,41,28,84
234,0.451356784,491,31,94
235,0.491557789,393,33,106
236,0.657688442,755,34,132
237,0.669120603,772,37,137
238,0.668316583,510,39,151
239,0.605,542,32,139
240,0.699396985,859,35,142
241,0.648844221,849,40,124
242,0.66120603,925,31,122
243,0.878768844,977,35,155
244,0.418869347,906,21,77
245,0.655050251,869,31,127
246,0.377487437,609,23,76
247,0.743718593,999,30,120
248,0.5,985,21,90
249,0.47879397,936,33,88
250,0.461407035,781,26,94
251,0.469321608,798,32,89
252,0.436557789,966,23,75
253,0.376281407,879,31,68
254,0.358894472,998,26,54
255,0.230929648,417,25,47
256,0.361582915,998,26,47
257,0.228115578,937,20,39
258,0.260075377,972,22,43
259,0.158291457,695,19,30
260,0.148517588,72,21,33
261,0.260075377,966,26,43
262,0.291231156,978,30,47
263,0.263718593,824,22,48
264,0.301482412,946,26,51
265,0.437286432,624,32,86
266,0.426507538,930,34,75
267,1.367236181,998,49,228
268,1.499899497,915,46,348
269,2.196758794,998,50,487
270,1.228919598,282,52,317
271,1.16580402,125,56,299
272,1.919497487,986,49,398
273,1.889422111,736,55,501
274,1.989924623,965,63,451
275,2.312663317,996,66,466
276,1.482386935,431,61,449
277,1.274346734,647,61,291
278,0.831658291,492,46,250
279,0.922110553,604,50,290
280,0.511934673,859,33,95
281,0.40781407,347,31,87
282,0.611834171,94,42,157
283,0.983316583,989,44,192
284,0.608643216,616,36,124
285,0.573844221,541,37,119
286,0.459798995,661,34,90
287,0.327613065,446,21,69
288,0.388341709,254,27,88
289,0.49959799,686,20,154
290,0.444623116,75,26,148
291,0.44419598,392,33,211
292,0.360904523,283,17,206
293,0.456055276,238,23,257
294,0.532663317,751,23,280
295,0.541482412,263,26,293
296,0.703517588,448,28,280
297,0.870125628,543,30,263
298,1.083316583,763,38,278
299,1.136080402,765,35,328
300,1.014974874,167,42,298
301,1.076356784,282,39,281
302,1.379673367,987,39,267
303,1.227914573,972,40,223
304,0.818492462,709,36,168
305,0.916180905,999,26,144
306,0.757763819,630,27,171
307,0.728015075,823,25,165
308,0.649145729,734,29,158
309,0.644824121,986,28,144
310,0.458065327,407,25,113
311,0.52540201,429,24,133
312,0.547110553,876,22,115
313,0.639170854,957,29,131
314,0.490854271,789,21,108
315,0.616683417,969,25,116
316,0.511934673,953,21,95
317,0.64361809,764,33,128
318,0.540201005,586,32,110
319,0.833944724,933,42,153
320,0.865301508,877,38,169
321,1.058894472,871,40,216
322,0.879497487,758,42,186
323,0.972763819,956,40,178
324,0.889221106,609,47,197
325,0.718693467,109,43,186
326,1.314170854,640,49,336
327,0.812462312,132,48,192
328,1.357763819,245,48,369
329,0.88,58,50,224
330,0.982512563,103,54,236
331,0.833266332,328,46,206
332,0.680502513,663,35,146
333,0.567211055,662,39,115
334,0.707135678,31,38,216
335,0.430929648,380,33,93
336,0.369748744,429,28,78
337,0.309045226,94,33,70
338,0.251231156,435,29,51
339,0.211055276,705,24,40
340,0.203994975,426,23,41
341,0.196884422,294,16,42
342,0.121005025,0,18,28
343,0.178668342,783,17,33
344,0.155175879,312,19,32
345,0.194874372,597,21,38
346,0.096457286,426,16,19
347,0.082311558,0,12,18
348,0.261080402,862,23,47
349,0.289422111,459,23,59
350,0.262914573,239,31,56
351,0.491834171,999,21,65
352,0.485201005,976,25,83
353,0.470251256,984,27,78
354,0.235552764,695,23,45
355,0.256256281,665,21,49
356,0.24361809,341,19,52
357,0.261080402,865,18,47
358,0.32459799,999,20,41
359,0.192060302,880,19,34
360,0.146331658,969,13,24
361,0.130025126,600,16,25
362,0.287336683,996,17,42
363,0.376256281,999,17,35
364,0.16080402,999,11,20
365,0.272964824,991,18,44
366,0.140075377,854,12,25
367,0.234145729,899,23,41
368,0.16120603,878,20,28
369,0.143819095,813,17,26
370,0.122386935,666,16,23
371,0.311557789,672,28,60
372,0.247135678,935,25,42
373,0.435778894,726,33,84
374,0.588844221,127,34,142
375,0.894371859,629,29,202
376,0.627110553,1,41,179
377,0.818869347,130,37,203
378,1.187035176,364,46,334
379,1.243994975,790,49,367
380,1.467738693,981,55,372
381,0.971959799,312,47,254
382,1.536457286,512,52,443
383,1.174849246,765,43,271
384,0.66080402,316,43,150
385,0.543115578,99,44,128
386,0.484321608,46,43,118
387,0.391331658,2,35,105
388,0.56861809,669,33,113
389,0.282512563,49,32,66
390,0.359698492,203,36,78
391,0.389447236,113,39,90
392,0.411959799,136,31,98
393,0.480376884,479,29,109
394,0.464095477,109,24,127
395,0.658266332,709,30,151
396,0.571633166,237,25,157
397,0.749346734,281,35,276
398,0.741306533,685,30,264
399,0.832135678,919,31,259
400,0.837788945,889,30,284
401,0.928241206,974,29,216
402,0.914572864,976,34,220
403,0.959170854,918,30,245
404,0.923994975,760,30,215
405,0.925025126,433,31,228
406,0.778291457,665,31,168
407,0.841180905,943,33,161
408,0.73758794,916,34,138
409,0.672738693,833,28,135
410,0.468115578,894,21,87
411,0.419070352,545,23,89
412,0.433140704,911,22,81
413,0.327613065,440,22,69
414,0.474145729,999,27,73
415,0.238291457,99,21,54
416,0.434949749,837,23,83
417,0.381909548,387,27,80
418,0.351758794,136,25,80
419,0.396356784,786,30,75
420,0.272964824,427,23,56
421,0.456658291,821,33,85
422,0.48138191,978,33,79
423,0.362788945,173,32,81
424,0.631557789,958,44,108
425,1.239974874,742,57,257
426,1.511959799,450,54,368
427,1.037085427,619,51,218
428,0.893567839,433,49,206
429,1.104899497,55,58,295
430,0.943492462,32,59,243
431,1.060276382,244,48,249
432,1.340477387,933,61,257
433,0.828919598,211,50,197
434,0.701005025,405,55,150
435,0.819698492,377,51,176
436,0.881507538,963,46,154
437,0.566432161,500,36,116
438,0.599396985,784,44,112
439,0.472336683,400,35,99
440,0.349246231,510,33,70
441,0.300879397,821,32,55
442,0.317562814,212,38,69
443,0.289422111,441,35,59
444,0.225904523,29,30,53
445,0.232763819,700,27,44
446,0.198492462,998,18,30
447,0.245603015,820,27,45
448,0.223517588,215,21,48
449,0.240979899,636,24,47
450,0.449020101,981,27,77
451,0.294246231,195,22,67
452,0.506934673,170,27,132
453,0.655678392,822,24,152
454,0.602386935,562,30,145
455,0.681005025,353,32,164
456,1.117562814,999,34,189
457,0.799899497,976,34,142
458,0.521984925,627,31,105
459,0.611030151,948,36,109
460,0.379798995,480,28,78
461,0.513542714,999,21,81
462,0.331658291,893,18,60
463,0.352160804,551,20,72
464,0.203994975,485,19,41
465,0.280778894,627,24,55
466,0.262914573,956,20,44
467,0.16861809,583,20,33
468,0.141683417,91,23,31
469,0.145125628,86,21,32
470,0.255175879,994,18,38
471,0.271130653,920,26,47
472,0.278366834,998,25,39
473,0.33879397,981,30,54
474,0.298994975,999,20,30
475,0.196884422,220,20,42
476,0.327537688,912,24,58
477,0.238693467,351,19,50
478,0.309145729,448,30,64
479,0.362211055,580,28,72
480,0.821884422,805,30,167
481,0.879170854,504,31,197
482,1.150125628,910,39,245
483,1.137286432,184,37,344
484,1.535175879,874,45,430
485,1.544497487,261,54,523
486,1.144824121,244,53,294
487,1.231758794,558,51,324
488,1.155778894,267,48,300
489,1.206005025,400,48,349
490,0.814070352,1,52,260
491,0.530150754,90,37,130
492,0.565929648,313,39,126
493,0.430552764,459,30,92
494,0.521984925,905,35,95
495,0.429648241,438,31,90
496,0.347336683,325,25,76
497,0.285326633,207,30,62
498,0.320979899,492,31,65
499,0.418492462,437,30,88
500,0.343492462,347,25,73
501,0.381909548,483,25,80
502,0.539673367,845,30,111
503,0.359773869,53,25,91
504,0.529422111,499,27,123
505,0.520100503,186,22,150
506,0.623015075,57,24,202
507,0.697889447,116,23,268
508,0.746507538,221,27,283
509,0.72298995,64,27,295
510,0.881909548,388,30,250
511,0.874773869,992,25,172
512,0.570829146,908,29,109
513,0.531432161,718,32,107
514,0.552738693,964,29,99
515,0.462311558,967,24,80
516,0.260678392,316,22,55
517,0.277286432,380,21,58
518,0.463417085,998,26,66
519,0.594949749,999,21,61
520,0.273768844,942,16,48
521,0.235552764,729,16,45
522,0.202110553,927,18,34
523,0.252864322,920,23,44
524,0.209824121,394,23,43
525,0.148517588,79,18,33
526,0.265226131,998,23,38
527,0.186834171,61,26,42
528,0.215452261,304,25,45
529,0.208015075,726,24,39
530,0.553165829,404,36,128
531,1.183417085,710,40,290
532,1.571633166,807,49,407
533,0.97879397,269,48,238
534,0.84821608,27,47,229
535,1.108643216,822,43,226
536,1.095452261,383,48,251
537,0.933442211,37,56,243
538,1.315351759,713,52,293
539,1.077160804,873,48,223
540,0.430552764,294,32,92
541,0.924623116,710,42,200
542,0.664924623,110,46,156
543,0.583316583,352,31,128
544,0.711055276,548,39,150
545,0.602914573,994,30,98
546,0.481507538,661,35,94
547,0.508316583,955,36,87
548,0.333442211,193,30,73
549,0.347336683,188,32,76
550,0.367437186,581,25,76
551,0.532035176,846,38,105
552,0.522613065,126,39,180
553,0.610954774,512,33,178
554,0.615050251,998,30,261
555,0.66080402,992,33,270
556,0.733668342,991,31,280
557,0.76379397,460,33,251
558,0.785025126,310,39,234
559,1.019070352,850,42,221
560,1.587839196,996,52,302
561,1.143316583,616,49,264
562,1.585427136,992,46,290
563,1.643994975,983,45,313
564,1.640175879,941,47,339
565,0.996884422,624,44,218
566,0.962311558,479,33,230
567,0.657688442,120,32,168
568,0.550251256,53,30,150
569,0.670954774,254,35,164
570,0.801507538,751,36,170
571,0.559572864,588,27,123
572,0.712939698,952,34,135
573,0.538291457,440,30,124
574,0.520502513,260,33,122
575,0.479899497,219,28,110
576,0.471959799,262,32,104
577,0.442110553,255,31,98
578,0.452160804,200,36,102
579,0.697386935,658,44,138
580,0.904296482,151,43,247
581,1.194371859,623,49,292
582,1.462914573,672,61,324
583,1.846733668,757,62,410
584,2.254246231,267,65,641
585,1.384422111,871,52,310
586,2.084798995,958,63,485
587,1.386306533,699,50,375
588,1.77879397,609,66,502
589,1.52540201,411,66,383
590,0.863417085,0,51,294
591,1.046834171,335,60,244
592,1.455678392,848,58,308
593,0.81718593,467,55,174
594,0.55638191,399,46,116
595,0.512462312,737,34,98
596,0.552763819,889,33,100
597,0.510050251,931,36,90
598,0.289422111,401,29,59
599,0.228241206,475,23,46
600,0.245125628,988,26,38
601,0.192562814,36,29,44
602,0.181884422,924,20,31
603,0.252864322,898,28,44
604,0.183894472,89,28,41
605,0.238291457,86,28,54
606,0.327613065,413,23,69
607,0.448015075,868,27,87
608,0.704623116,957,30,134
609,0.495251256,50,28,133
610,0.619874372,878,30,123
611,0.881909548,999,33,130
612,0.789723618,999,30,113
613,0.779673367,999,32,113
614,0.508316583,973,28,87
615,0.490854271,883,28,92
616,0.734070352,999,30,172
617,0.410829146,662,19,93
618,0.405125628,114,20,126
619,0.33919598,101,21,90
620,0.187914573,334,23,39
621,0.178668342,791,16,33
622,0.16178392,661,16,31
623,0.184020101,997,14,26
624,0.24419598,968,17,41
625,0.268442211,941,18,46
626,0.225502513,991,18,35
627,0.108442211,321,16,22
628,0.167613065,969,18,27
629,0.175251256,474,17,35
630,0.364221106,999,22,52
631,0.354170854,997,25,52
632,0.285326633,999,21,38
633,0.218190955,277,22,46
634,0.492462312,980,34,80
635,0.618869347,998,37,87
636,0.491834171,751,39,95
637,0.813969849,148,41,198
638,1.04298995,934,39,233
639,1.050226131,56,47,351
640,1.283919598,250,42,370
641,1.425100503,388,46,459
642,1.54160804,801,48,362
643,1.175854271,777,44,251
644,0.804798995,711,50,163
645,0.804020101,769,53,160
646,0.671331658,462,41,141
647,0.653266332,611,36,140
648,0.547839196,995,36,86
649,0.36781407,795,27,69
650,0.34281407,700,27,66
651,0.313969849,969,21,52
652,0.349246231,584,27,70
653,0.223517588,208,22,48
654,0.295251256,695,22,57
655,0.226105528,260,15,49
656,0.325527638,795,21,62
657,0.332763819,702,20,66
658,0.411155779,343,21,94
659,0.472361809,600,20,120
660,0.471457286,173,25,206
661,0.471733668,325,28,225
662,0.40040201,427,25,208
663,0.679798995,995,27,288
664,0.594572864,467,22,244
665,0.760904523,973,21,254
666,0.680376884,91,22,239
667,0.575653266,351,21,267
668,0.554371859,59,27,156
669,0.522613065,121,23,140
670,0.390929648,768,25,79
671,0.377663317,984,22,63
672,0.273768844,931,14,48
673,0.333442211,309,20,73
674,0.25718593,137,20,58
675,0.213467337,45,15,52
676,0.221884422,976,13,37
677,0.354748744,999,19,41
678,0.120603015,947,10,20
679,0.194874372,629,16,38
680,0.221105528,890,17,40
681,0.138190955,111,18,30
682,0.118492462,719,16,22
683,0.116180905,246,14,24
684,0.171834171,820,19,31
685,0.151155779,740,18,28
686,0.365427136,281,29,84
687,0.634773869,898,35,156
688,0.555879397,396,32,174
689,0.932160804,841,38,250
690,1.376256281,816,44,375
691,1.595477387,853,47,510
692,1.893869347,881,55,532
693,1.76821608,998,39,375
694,1.402110553,964,47,286
695,1.179798995,107,51,362
696,1.012562814,737,50,210
697,1.284396985,352,44,309
698,1.031934673,181,48,277
699,0.713341709,443,39,153
700,0.816482412,933,42,148
701,0.618693467,740,38,124
702,0.397085427,240,36,86
703,0.417688442,870,34,76
704,0.359296482,648,28,70
705,0.425728643,688,30,84
706,0.25839196,304,25,54
707,0.230929648,395,30,47
708,0.228241206,23,24,54
709,0.409949749,728,30,78
710,0.307311558,522,21,63
711,0.730753769,886,23,154
712,0.743693467,915,30,149
713,0.773768844,258,35,198
714,0.854271357,926,30,180
715,0.849346734,721,28,186
716,1.185301508,934,39,255
717,1.155376884,901,37,296
718,0.999974874,999,35,151
719,0.653266332,456,37,140
720,0.845201005,999,33,119
721,0.531758794,965,28,94
722,0.504422111,425,22,118
723,0.428542714,882,17,88
724,0.383819095,761,19,82
725,0.582688442,999,24,97
726,0.469120603,999,23,77
727,0.262914573,413,19,56
728,0.218065327,906,13,39
729,0.331030151,712,22,65
730,0.228743719,993,16,36
731,0.352160804,499,33,72
732,0.287336683,471,30,58
733,0.280778894,675,17,55
734,0.326005025,144,30,75
735,0.311959799,95,29,72
736,0.522613065,785,38,100
737,0.511658291,895,39,94
738,0.417864322,416,36,87
739,0.265226131,64,23,62
740,0.749648241,910,49,142
741,0.667110553,488,46,143
742,1.077286432,874,52,218
743,1.343819095,232,52,346
744,1.644623116,864,51,388
745,1.383894472,356,54,361
746,1.729623116,145,57,569
747,1.977386935,683,51,530
748,2.032060302,960,58,482
749,1.617462312,583,53,415
750,1.316582915,219,44,380
751,1.541306533,998,42,316
752,0.746708543,101,39,191
753,0.601984925,526,30,129
754,0.641180905,323,42,141
755,0.317361809,580,24,63
756,0.515351759,196,33,117
757,0.251231156,438,27,51
758,0.333442211,237,22,73
759,0.369346734,30,32,90
760,0.283015075,623,24,56
761,0.212663317,361,24,44
762,0.233567839,385,27,48
763,0.228241206,484,27,46
764,0.319095477,190,24,70
765,0.397763819,292,28,87
766,0.398969849,292,23,89
767,0.569623116,468,26,123
768,0.647613065,456,30,155
769,1.143316583,990,36,236
770,0.994070352,995,37,206
771,1.304924623,999,37,192
772,0.851859296,997,34,136
773,0.92741206,999,39,133
774,0.72540201,966,29,127
775,0.582512563,945,32,104
776,0.322713568,562,23,66
777,0.461909548,594,27,96
778,0.456658291,874,28,85
779,0.349246231,568,26,70
780,0.271356784,998,20,40
781,0.377663317,978,28,63
782,0.141809045,0,18,34
783,0.094447236,0,14,21
784,0.195351759,852,20,35
785,0.378668342,630,21,77
786,0.270728643,490,22,55
787,0.315477387,658,32,62
788,0.16178392,616,17,31
789,0.389447236,913,33,70
790,0.374974874,645,31,74
791,0.653040201,999,39,103
792,0.801507538,989,46,130
793,0.531758794,594,34,106
794,0.656884422,930,40,116
795,1.085427136,941,44,200
796,1.257261307,261,50,319
797,1.491834171,851,53,325
798,1.660201005,783,54,382
799,1.473140704,132,57,463
800,1.686030151,716,69,564
801,1.288417085,294,52,389
802,0.867311558,589,37,191
803,1.173366834,965,45,230
804,0.903894472,862,44,185
805,0.529422111,168,38,123
806,0.50241206,671,39,98
807,0.532437186,877,37,97
808,0.430552764,322,36,92
809,0.511658291,833,44,94
810,0.379396985,814,37,70
811,0.283015075,559,26,56
812,0.315477387,547,31,62
813,0.278492462,653,22,54
814,0.423090452,760,27,81
815,0.421482412,57,24,105
816,0.490351759,56,31,122
817,0.568442211,49,22,176
818,0.684522613,284,31,234
819,0.841180905,485,32,239
820,0.80241206,763,29,192
821,0.640703518,563,27,150
822,0.708517588,599,35,151
823,0.548718593,212,25,131
824,0.583894472,660,30,119
825,0.360778894,694,25,71
826,0.40241206,929,25,72
827,0.371859296,993,23,60
828,0.250628141,167,24,55
829,0.278894472,898,22,50
830,0.24361809,582,21,48
831,0.313969849,995,15,48
832,0.147512563,783,15,27
833,0.12459799,0,11,29
834,0.131055276,148,15,28
835,0.122386935,686,14,23
836,0.175276382,824,18,32
837,0.212160804,984,21,34
838,0.342110553,319,37,72
839,0.32741206,734,25,63
840,0.400979899,651,32,79
841,0.459798995,696,37,90
842,0.441984925,103,33,103
843,0.881909548,951,40,170
844,0.761708543,366,38,178
845,0.596884422,269,35,138
846,0.942211055,471,41,210
847,1.026105528,590,40,231
848,1.094246231,530,51,243
849,1.034773869,743,49,204
850,1.158768844,967,44,209
851,0.923994975,880,39,175
852,0.730050251,997,36,112
853,0.512160804,564,34,104
854,0.48821608,101,41,113
855,1.058894472,988,41,184
856,1.021080402,993,41,181
857,0.626231156,606,43,126
858,0.609447236,998,29,88
859,0.339673367,914,29,59
860,0.255653266,881,26,45
861,0.28620603,792,28,53
862,0.171633166,153,21,37
863,0.178668342,779,19,33
864,0.187914573,329,21,39
865,0.232763819,763,19,44
866,0.441582915,751,19,105
867,0.463919598,549,14,144
868,0.608643216,680,22,176
869,0.552763819,31,19,200
870,0.633944724,210,29,187
871,0.707135678,172,29,184
872,0.723592965,887,22,149
873,0.74281407,175,25,194
874,0.751658291,477,34,178
875,0.769748744,978,28,142
876,0.944497487,998,26,153
877,0.641984925,996,26,107
878,0.471457286,530,27,106
879,0.390351759,753,15,92
880,0.384698492,912,18,83
881,0.276984925,212,12,76
882,0.32160804,532,15,80
883,0.373643216,994,15,73
884,0.203417085,204,13,48
885,0.220879397,711,10,47
886,0.199773869,347,13,43
887,0.310527638,210,12,71
888,0.238291457,129,19,54
889,0.228241206,495,20,46
890,0.336457286,992,26,53
891,0.317361809,572,23,63
892,0.354547739,772,24,67
893,0.34281407,684,27,66
894,0.370829146,752,24,71
895,0.492361809,634,29,98
896,0.431532663,215,35,95
897,1.039974874,875,44,203
898,1.116683417,761,47,234
899,1.387713568,999,53,237
900,1.464095477,999,55,277
901,0.932160804,207,51,230
902,2.175251256,886,61,565
903,1.083015075,285,49,264
904,0.767437186,111,48,216
905,0.494447236,20,43,139
906,0.571256281,929,40,108
907,0.481180905,413,40,107
908,0.359698492,336,28,78
909,0.455879397,54,33,116
910,0.424899497,791,30,83
911,0.232763819,13,26,56
912,0.313542714,675,24,61
913,0.268844221,802,22,50
914,0.286407035,936,24,49
915,0.141683417,93,17,31
916,0.185301508,10,19,45
917,0.295879397,119,20,68
918,0.356180905,803,28,68
919,0.346834171,75,25,86
920,0.493442211,443,28,119
921,0.537788945,836,22,114
922,0.592964824,612,22,140
923,0.72361809,507,28,200
924,0.854271357,315,38,220
925,0.751256281,548,35,170
926,0.419070352,358,27,89
927,0.478165829,239,26,113
928,0.433944724,139,20,177
929,0.49638191,811,23,138
930,0.40379397,960,21,73
931,0.221105528,841,22,40
932,0.285201005,667,15,57
933,0.130025126,635,11,25
934,0.12741206,187,17,27
935,0.16178392,606,20,31
936,0.205,999,14,29
937,0.181884422,933,15,31
938,0.293065327,995,25,44
939,0.151859296,56,20,34
940,0.151155779,735,17,28
941,0.154748744,735,19,29
942,0.225025126,941,21,38
943,0.227035176,790,22,42
944,0.299095477,266,32,64
945,0.381909548,993,30,60
946,0.530150754,960,41,90
947,0.611834171,997,42,93
948,0.459798995,698,34,90
949,0.539472362,152,48,123
950,0.429120603,9,46,111
951,0.705125628,288,51,156
952,0.818467337,224,55,195
953,0.663316583,585,45,140
954,1.165728643,357,63,298
955,1.067110553,782,49,223
956,0.735276382,518,48,156
957,0.811834171,337,45,183
958,0.855376884,770,50,166
959,0.763819095,921,43,140
960,0.571834171,999,28,71
961,0.590929648,915,33,109
962,0.317562814,229,29,69
963,0.250628141,174,25,55
964,0.28138191,854,30,51
965,0.151733668,349,21,31
966,0.198492462,995,14,30
967,0.126231156,626,14,24
968,0.164798995,878,19,29
969,0.303919598,969,18,52
970,0.451356784,549,30,94
971,0.470753769,966,19,92
972,0.567236181,482,23,132
973,0.585703518,915,20,117
974,0.472361809,569,19,100
975,0.439698492,634,26,90
976,0.360778894,263,19,79
977,0.357763819,723,21,69
978,0.492462312,747,22,100
979,0.572864322,997,18,100
980,0.523718593,829,16,134
981,0.231130653,197,18,51
982,0.441984925,410,18,103
983,0.371231156,998,22,55
984,0.24419598,980,14,41
985,0.327537688,999,12,42
986,0.221884422,977,19,37
987,0.345628141,999,22,38
988,0.122386935,652,17,23
989,0.171834171,832,20,31
990,0.118492462,722,13,22
991,0.075477387,634,13,14
992,0.133768844,519,17,26
993,0.078165829,0,15,17
994,0.175276382,785,18,32
995,0.209824121,438,16,43
996,0.348844221,999,21,46
997,0.251030151,755,27,47
998,0.270125628,987,25,43
999,0.414849246,519,43,83
1000,0.476758794,915,38,85
1001,0.715477387,992,37,118
1002,0.685829146,471,43,148
1003,0.945125628,975,44,172
1004,0.92459799,529,49,251
1005,0.638165829,29,37,201
1006,1.008819095,939,34,257
1007,0.90201005,375,40,210
1008,1.355879397,845,41,306
1009,0.84620603,345,43,189
1010,0.572236181,158,28,135
1011,0.674346734,944,36,119
1012,0.609824121,999,31,77
1013,0.56258794,888,38,103
1014,0.40781407,460,29,87
1015,0.270728643,486,24,55
1016,0.245,67,24,57
1017,0.359698492,384,25,78
1018,0.363718593,380,23,82
1019,0.411834171,444,21,97
1020,0.451356784,788,24,94
1021,0.516959799,475,21,125
1022,0.608944724,663,19,158
1023,0.74361809,774,21,202
1024,0.875150754,943,28,187
1025,0.675778894,533,28,152
1026,0.921708543,996,30,154
1027,0.830929648,999,34,123
1028,0.790728643,999,28,123
1029,0.873743719,991,35,145
1030,0.60741206,862,33,115
1031,0.464221106,957,25,82
1032,0.581683417,956,27,107
1033,0.47879397,963,23,88
1034,0.387713568,992,22,63
1035,0.263718593,731,20,52
1036,0.468115578,881,24,87
1037,0.180904523,109,19,40
1038,0.16178392,651,14,31
1039,0.18201005,816,11,34
1040,0.283015075,989,24,44
1041,0.209824121,457,15,43
1042,0.191733668,712,14,37
1043,0.360778894,711,26,71
1044,0.305301508,866,21,57
1045,0.411432161,998,28,65
1046,0.360778894,735,23,71
1047,0.314346734,497,22,67
1048,0.407638191,829,30,76
1049,0.32339196,199,27,73
1050,0.501884422,576,29,105
1051,0.760577889,998,37,123
1052,0.584698492,418,42,127
1053,0.713341709,798,31,153
1054,1.19839196,419,44,348
1055,0.92540201,487,37,237
1056,0.907512563,877,35,191
1057,1.275753769,969,49,265
1058,1.703492462,984,48,449
1059,1.686407035,990,50,341
1060,0.919698492,225,50,214
1061,0.695452261,681,40,139
1062,0.711055276,125,39,170
1063,0.512336683,812,33,97
1064,0.595753769,729,37,117
1065,0.561582915,779,39,107
1066,0.431130653,857,32,79
1067,0.356180905,729,29,68
1068,0.367437186,414,31,76
1069,0.248341709,197,23,54
1070,0.267110553,37,26,63
1071,0.214849246,1,19,57
1072,0.455879397,963,21,84
1073,0.391934673,124,19,99
1074,0.488040201,111,21,124
1075,0.635150754,636,25,139
1076,0.826105528,864,24,189
1077,0.72540201,592,22,177
1078,0.87798995,952,28,184
1079,0.892236181,975,35,167
1080,0.706306533,898,25,133
1081,0.41959799,398,24,90
1082,0.662914573,999,26,104
1083,0.828919598,953,23,197
1084,0.539673367,825,18,111
1085,0.502286432,761,22,103
1086,0.40241206,958,20,72
1087,0.339673367,985,18,59
1088,0.32160804,999,11,40
1089,0.393567839,999,15,44
1090,0.326005025,999,19,35
1091,0.422110553,999,22,60
1092,0.308643216,998,20,46
1093,0.448140704,999,20,58
1094,0.253668342,757,16,48
1095,0.165201005,240,16,35
1096,0.141105528,476,15,28
1097,0.114547739,762,12,21
1098,0.177864322,103,19,39
1099,0.246005025,207,21,53
1100,0.241180905,318,20,51
1101,0.39638191,956,28,68
1102,0.385829146,984,30,62
1103,0.369824121,987,27,59
1104,0.512462312,806,36,98
1105,0.451030151,462,36,93
1106,0.937788945,974,44,174
1107,1.042713568,650,40,230
1108,1.898869347,945,57,415
1109,1.113065327,812,46,250
1110,1.173366834,397,55,310
1111,1.275477387,690,49,306
1112,1.180879397,974,46,249
1113,0.925025126,511,42,228
1114,0.867311558,659,49,191
1115,0.63959799,971,33,112
1116,0.458065327,49,39,113
1117,0.56178392,536,42,121
1118,0.537060302,991,38,85
1119,0.329547739,58,31,78
1120,0.267236181,242,23,58
1121,0.197964824,543,21,39
1122,0.174849246,958,20,29
1123,0.202110553,962,17,34
1124,0.161909548,258,17,34
1125,0.108442211,315,17,22
1126,0.123718593,219,12,26
1127,0.098266332,882,13,17
1128,0.248341709,796,18,46
1129,0.387914573,922,27,69
1130,0.430929648,433,19,93
1131,0.516959799,340,24,115
1132,0.533643216,609,22,119
1133,0.700603015,611,31,154
1134,0.816055276,997,29,139
1135,1.195577889,999,35,196
1136,1.161407035,996,36,224
1137,0.690954774,833,25,150
1138,0.638969849,972,24,113
1139,0.590452261,910,31,110
1140,0.612437186,998,26,105
1141,0.415678392,879,25,84
1142,0.452261307,751,20,100
1143,0.48201005,841,26,104
1144,0.373768844,698,22,82
1145,0.426507538,877,23,85
1146,0.206005025,39,19,49
1147,0.349648241,292,22,78
1148,0.492462312,994,28,80
1149,0.297386935,688,22,58
1150,0.293869347,939,22,52
1151,0.272462312,21,23,66
1152,0.668442211,999,29,86
1153,0.779798995,968,36,142
1154,0.697386935,830,37,138
1155,0.721105528,986,31,130
1156,0.769748744,882,45,142
1157,0.80339196,396,40,185
1158,1.430753769,990,49,284
1159,1.248643216,979,45,252
1160,1.314070352,936,49,270
1161,1.462286432,785,58,399
1162,1.64419598,566,60,469
1163,1.498592965,904,62,366
1164,1.250628141,771,59,355
1165,0.954748744,437,45,251
1166,1.066306533,894,42,281
1167,0.923994975,864,43,215
1168,0.697889447,252,37,168
1169,0.650753769,682,45,130
1170,0.712939698,317,29,175
1171,0.476758794,147,32,115
1172,0.253668342,408,24,52
1173,0.330628141,309,29,71
1174,0.361180905,867,34,65
1175,0.210829146,112,20,47
1176,0.280778894,564,28,55
1177,0.203417085,40,18,48
1178,0.285201005,542,25,57
1179,0.206934673,437,24,42
1180,0.327236181,161,24,76
1181,0.272964824,487,20,56
1182,0.405125628,942,17,74
1183,0.807638191,962,31,184
1184,0.808417085,688,31,195
1185,0.815854271,889,30,223
1186,1.179874372,999,36,221
1187,0.814070352,982,26,160
1188,0.874371859,998,35,140
1189,0.531432161,630,25,107
1190,0.858266332,938,28,171
1191,0.572839196,953,27,101
1192,0.36781407,806,30,69
1193,0.254246231,981,19,41
1194,0.283015075,981,21,44
1195,0.454045226,993,26,73
1196,0.346105528,999,28,45
1197,0.295854271,997,17,45
1198,0.386909548,999,20,49
1199,0.298592965,990,22,46
1200,0.350527638,999,16,43
1201,0.203994975,642,18,41
1202,0.138190955,129,17,30
1203,0.308517588,999,21,39
1204,0.295251256,799,25,57
1205,0.331030151,974,25,55
1206,0.341080402,992,28,55
1207,0.397085427,232,37,86
1208,0.465929648,906,32,84
1209,0.817060302,936,41,159
1210,0.76178392,962,38,141
1211,1.077788945,999,40,148
1212,1.14160804,908,46,258
1213,1.457286432,996,51,380
1214,1.375653266,990,49,357
1215,0.805929648,380,55,218
1216,0.695075377,903,38,144
1217,0.584899497,348,43,139
1218,1.042713568,935,49,230
1219,0.634145729,910,33,119
1220,0.362788945,277,24,81
1221,0.602386935,994,25,105
1222,0.312663317,387,25,66
1223,0.422110553,811,24,80
1224,0.210829146,93,28,47
1225,0.216984925,647,22,42
1226,0.417864322,998,26,63
1227,0.307437186,826,16,58
1228,0.332060302,458,18,72
1229,0.277286432,502,18,58
1230,0.409949749,926,21,78
1231,0.223517588,224,19,48
1232,0.345628141,914,22,62
1233,0.340678392,463,19,71
1234,0.367613065,73,16,87
1235,0.510954774,571,23,108
1236,0.481507538,366,23,106
1237,0.651155779,972,23,122
1238,0.608819095,446,25,137
1239,0.479170854,993,24,77
1240,0.428919598,918,26,77
1241,0.436582915,997,22,68
1242,0.181683417,411,17,37
1243,0.218065327,880,17,39
1244,0.130025126,587,18,25
1245,0.138592965,977,16,22
1246,0.112336683,284,13,23
1247,0.158291457,689,18,30
1248,0.110552764,802,8,20
1249,0.164798995,856,17,29
1250,0.205,997,15,29
1251,0.128542714,912,15,22
1252,0.069723618,0,13,15
1253,0.148241206,384,21,30
1254,0.212035176,997,22,31
1255,0.263718593,832,31,48
1256,0.231155779,928,26,40
1257,0.215452261,344,24,45
1258,0.241984925,988,20,37
1259,0.407638191,837,25,76
1260,0.50160804,566,34,106
1261,0.559572864,247,47,123
1262,0.55638191,997,30,84
1263,0.64298995,999,40,97
1264,0.608819095,214,37,137
1265,1.035954774,992,42,187
1266,0.837160804,281,37,209
1267,1.466934673,993,44,296
1268,0.773467337,24,45,204
1269,1.245201005,724,52,279
1270,0.539472362,176,35,123
1271,0.809949749,980,44,142
1272,0.586834171,165,41,138
1273,0.564723618,494,35,118
1274,0.353743719,940,31,61
1275,0.219874372,590,24,43
1276,0.158567839,276,23,33
1277,0.12741206,185,18,27
1278,0.158567839,275,20,33
1279,0.141105528,480,17,28
1280,0.237085427,886,18,42
1281,0.216055276,79,19,49
1282,0.317487437,916,20,58
1283,0.361809045,500,17,80
1284,0.462311558,648,15,100
1285,0.558768844,341,17,181
1286,0.422889447,762,13,213
1287,0.353366834,43,19,244
1288,0.564422111,556,20,244
1289,0.58080402,97,19,222
1290,0.678994975,23,23,224
1291,0.616859296,3,23,193
1292,1.034271357,898,29,206
1293,0.639170854,716,25,131
1294,0.56178392,251,26,129
1295,0.380879397,840,23,71
1296,0.31919598,585,21,64
1297,0.282512563,177,18,66
1298,0.303919598,990,17,52
1299,0.148341709,0,14,36
1300,0.222713568,670,15,44
1301,0.178492462,561,13,36
1302,0.252035176,997,19,37
1303,0.192060302,895,16,34
1304,0.208643216,923,21,36
1305,0.187914573,376,20,39
1306,0.133768844,558,16,26
1307,0.16178392,651,18,31
1308,0.141683417,91,19,31
1309,0.20178392,781,21,37
1310,0.211834171,901,25,37
1311,0.300879397,822,26,55
1312,0.518190955,998,36,76
1313,0.373467337,996,33,56
1314,0.501884422,740,42,95
1315,0.700276382,982,40,123
1316,0.500904523,457,35,108
1317,0.56120603,781,40,108
1318,0.949120603,568,43,235
1319,1.386306533,999,50,255
1320,0.598894472,8,44,158
1321,1.264296482,590,55,291
1322,0.964824121,961,40,220
1323,0.746708543,720,43,159
1324,0.769824121,986,40,131
1325,0.451231156,939,37,79
1326,0.285326633,209,27,62
1327,0.270728643,464,21,55
1328,0.164723618,16,22,38
1329,0.25839196,319,28,54
1330,0.301482412,946,29,51
1331,0.15839196,42,26,36
1332,0.238291457,635,26,46
1333,0.276155779,670,24,53
1334,0.459271357,733,30,89
1335,0.482311558,671,29,98
1336,0.461683417,215,24,105
1337,0.757562814,996,22,143
1338,0.496859296,4,23,195
1339,0.88080402,961,32,188
1340,0.869321608,953,32,201
1341,0.87798995,978,31,184
1342,0.661281407,512,30,141
1343,0.651155779,941,21,122
1344,0.828040201,995,26,138
1345,0.520100503,759,21,110
1346,0.520100503,890,25,110
1347,0.439170854,439,20,111
1348,0.411155779,255,27,106
1349,0.492361809,962,24,98
1350,0.358567839,937,14,77
1351,0.317487437,952,17,58
1352,0.260075377,998,15,43
1353,0.16178392,686,14,31
1354,0.194874372,737,15,38
1355,0.378994975,999,20,46
1356,0.263718593,567,23,52
1357,0.251231156,452,24,51
1358,0.286407035,942,23,49
1359,0.194874372,599,21,38
1360,0.577261307,999,32,85
1361,0.592964824,982,37,100
1362,0.552135678,971,33,95
1363,0.582914573,976,38,100
1364,0.451859296,153,36,104
1365,0.452035176,314,37,97
1366,0.690954774,342,44,150
1367,1.306507538,952,49,251
1368,1.411432161,725,62,315
1369,1.607135678,621,57,406
1370,1.413844221,808,56,323
1371,1.710150754,981,54,344
1372,1.163316583,428,51,370
1373,1.318366834,777,47,377
1374,1.290829146,898,51,325
1375,0.988844221,376,49,262
1376,0.72741206,787,45,143
1377,0.643190955,191,43,149
1378,0.713567839,532,36,160
1379,0.582889447,974,28,101
1380,0.366934673,78,28,86
1381,0.500904523,884,34,92
1382,0.455376884,996,25,74
1383,0.352738693,162,24,81
1384,0.305929648,242,22,68
1385,0.262914573,395,22,56
1386,0.361180905,908,26,65
1387,0.32201005,204,22,72
1388,0.272462312,31,28,66
1389,0.455879397,895,26,84
1390,0.471457286,714,23,94
1391,0.66120603,940,29,122
1392,0.565603015,727,25,117
1393,0.662688442,843,35,135
1394,0.628115578,268,36,151
1395,0.707914573,557,33,155
1396,0.888417085,808,34,179
1397,0.837286432,999,28,126
1398,0.846633166,967,31,148
1399,0.677763819,989,28,115
1400,0.651231156,993,30,109
1401,0.492462312,991,22,80
1402,0.427236181,683,29,86
1403,0.49758794,973,32,86
1404,0.414849246,627,32,83
1405,0.357562814,935,27,63
1406,0.313165829,923,23,56
1407,0.195351759,855,21,35
1408,0.369447236,960,25,64
1409,0.362211055,602,35,72
1410,0.404422111,999,28,52
1411,0.331030151,977,23,55
1412,0.372261307,700,32,72
1413,0.422512563,958,34,72
1414,0.527738693,993,34,86
1415,0.552537688,928,39,97
1416,0.770829146,999,37,89
1417,0.650025126,796,41,123
1418,0.882311558,999,38,122
1419,1.094849246,945,47,215
1420,0.940603015,150,54,242
1421,1.113341709,956,56,217
1422,0.889221106,358,56,203
1423,1.703492462,706,65,399
1424,1.376256281,992,49,265
1425,0.964824121,817,48,200
1426,0.859070352,40,51,253
1427,0.913668342,811,52,194
1428,0.906507538,748,51,189
1429,0.709447236,785,37,142
1430,1.101482412,998,50,181
1431,0.828115578,411,55,179
1432,0.431256281,326,36,94
1433,0.426507538,595,36,85
1434,0.512160804,570,37,104
1435,0.502286432,841,35,97
1436,0.421482412,88,30,105
1437,0.557160804,375,34,155
1438,0.590050251,947,30,154
1439,0.391331658,92,36,215
1440,0.503492462,792,29,231
1441,0.693442211,956,40,251
1442,0.672135678,407,34,243
1443,0.789547739,742,43,324
1444,0.878291457,313,36,262
1445,0.844623116,272,32,272
1446,1.006130653,558,40,266
1447,0.778668342,101,35,253
1448,0.884824121,221,40,228
1449,1.143316583,923,40,236
1450,1.12,809,34,232
1451,1.089422111,829,36,221
1452,1.070954774,998,31,176
1453,0.872135678,769,41,183
1454,0.556557789,93,32,143
1455,0.831934673,735,34,183
1456,0.827738693,775,34,184
1457,0.711457286,169,32,178
1458,0.667236181,725,32,138
1459,0.506909548,303,25,115
